Instance         |   Quality  |         Time       |                  (u,v)
--------------------------------------------------------------------------------------------------
ACCIONA				 39 / 40	 2568.2538170814514	 [('0.0021', '0.0127'), ('0.0025', '0.0127'), ('0.0025', '0.0141'), ('0.0025', '0.0143'), ('0.0021', '0.0156'), ('0.0009', '0.0171'), ('0.0021', '0.0164'), ('0.0025', '0.0156'), ('0.0009', '0.0173'), ('0.0021', '0.0171'), ('0.0025', '0.0164'), ('0.0021', '0.0173'), ('0.0025', '0.0171'), ('0.0025', '0.0173'), ('0.0075', '0.0127'), ('0.0075', '0.0136'), ('0.0115', '0.0156'), ('0.0115', '0.0164'), ('0.0119', '0.0156'), ('0.0115', '0.0171'), ('0.0119', '0.0164'), ('0.0124', '0.0156'), ('0.0115', '0.0173'), ('0.0119', '0.0171'), ('0.0124', '0.0164'), ('0.0129', '0.0156'), ('0.0119', '0.0173'), ('0.0124', '0.0171'), ('0.0129', '0.0164'), ('0.0137', '0.0156'), ('0.0124', '0.0173'), ('0.0129', '0.0171'), ('0.0137', '0.0164'), ('0.0129', '0.0173'), ('0.0137', '0.0171'), ('0.0137', '0.0173'), ('0.0075', '0.0359'), ('0.0112', '0.0394'), ('0.0114', '0.0394'), ('0.0112', '0.0434'), ('0.0114', '0.0434')]
ACERINOX							TIMED OUT
ACS					 39 / 40	 3277.4327313899994	 [('0.0065', '0.0072'), ('0.0064', '0.0082'), ('0.0065', '0.0076'), ('0.0065', '0.0082'), ('0.0062', '0.0108'), ('0.0062', '0.0112'), ('0.0063', '0.0108'), ('0.0063', '0.0112'), ('0.0064', '0.0108'), ('0.0064', '0.0112'), ('0.0065', '0.0108'), ('0.0065', '0.0112'), ('0.0067', '0.0108'), ('0.0067', '0.0112'), ('0.0068', '0.0108'), ('0.0068', '0.0112'), ('0.0073', '0.0108'), ('0.0073', '0.0112'), ('0.0077', '0.0108'), ('0.0077', '0.0112'), ('0.0081', '0.0108'), ('0.0073', '0.0124'), ('0.0081', '0.0112'), ('0.0085', '0.0108'), ('0.0077', '0.0124'), ('0.0085', '0.0112'), ('0.0096', '0.0105'), ('0.0081', '0.0124'), ('0.0092', '0.0112'), ('0.0097', '0.0105'), ('0.0085', '0.0124'), ('0.0096', '0.0112'), ('0.0106', '0.0105'), ('0.0092', '0.0124'), ('0.0116', '0.0105'), ('0.0065', '0.0196'), ('0.0096', '0.0124'), ('0.0067', '0.0196'), ('0.0068', '0.0196'), ('0.0073', '0.02'), ('0.0077', '0.0199'), ('0.0085', '0.0192'), ('0.0073', '0.021'), ('0.0077', '0.02'), ('0.0081', '0.0199'), ('0.0092', '0.0192'), ('0.0073', '0.0226'), ('0.0077', '0.021'), ('0.0081', '0.02'), ('0.0085', '0.0199'), ('0.0077', '0.0226'), ('0.0081', '0.021'), ('0.0085', '0.02'), ('0.0092', '0.0199'), ('0.0077', '0.0237'), ('0.0081', '0.0226'), ('0.0085', '0.021'), ('0.0092', '0.02'), ('0.0096', '0.0199'), ('0.0085', '0.0226'), ('0.0092', '0.021'), ('0.0097', '0.0199'), ('0.0092', '0.0226'), ('0.0097', '0.02'), ('0.0106', '0.0199'), ('0.0097', '0.021'), ('0.0106', '0.02'), ('0.0097', '0.0226'), ('0.0106', '0.021'), ('0.0106', '0.0226'), ('0.0106', '0.026'), ('0.0077', '0.0343'), ('0.0106', '0.0297'), ('0.0106', '0.034')]
ATRESMEDIA							TIMED OUT
AZKOYEN				 38 / 40	 2049.0999341011047	 [('0.0085', '0.0201'), ('0.0089', '0.0201'), ('0.0098', '0.0201'), ('0.0105', '0.0201'), ('0.0105', '0.0206'), ('0.0154', '0.0171'), ('0.0154', '0.0174'), ('0.017', '0.0171'), ('0.017', '0.0174'), ('0.0174', '0.0171'), ('0.0174', '0.0174'), ('0.0177', '0.0171'), ('0.0177', '0.0174'), ('0.0154', '0.0193'), ('0.017', '0.0193'), ('0.0154', '0.0201'), ('0.0174', '0.0193'), ('0.017', '0.0201'), ('0.0154', '0.0212'), ('0.0174', '0.0201'), ('0.0154', '0.0222'), ('0.017', '0.0212'), ('0.0174', '0.0206'), ('0.017', '0.0222'), ('0.0174', '0.0212'), ('0.0174', '0.0222'), ('0.0174', '0.0229'), ('0.0174', '0.0233'), ('0.0115', '0.0311'), ('0.0118', '0.0311')]
BANKINTER			 38 / 40	 2109.3578753471375	 [('0.0098', '0.0255'), ('0.0098', '0.029'), ('0.0098', '0.0353'), ('0.0098', '0.0355')]
BBVA				 40 / 40	 3457.4120302200317	 [('0.0239', '0.0165'), ('0.0239', '0.0166')]
BODEGAS_RIOJANAS	 39 / 40	 112.42496252059937	 [('0.0013', '0.001'), ('0.0006', '0.0046'), ('0.0006', '0.0068'), ('0.0013', '0.0046'), ('0.0013', '0.0068')]
CAF					 39 / 40	 3008.1333594322205	 [('0.0077', '0.008'), ('0.0079', '0.008'), ('0.0079', '0.008'), ('0.0081', '0.008'), ('0.0083', '0.008'), ('0.0088', '0.0079'), ('0.0088', '0.008'), ('0.0165', '0.0007'), ('0.0166', '0.0007'), ('0.0168', '0.0007'), ('0.0171', '0.0007')]
CIE							TIMED OUT
