Instance         |   Ratio   |         Time       |      Pred. Qual.     |     (u,v)
----------------------------------------------------------------------------------
ACCIONA				 37 / 40	 1.05				55.29%			 [('0.015', '0.015')]
ACERINOX			 35 / 40	 21.28				53.57%			 [('0.015', '0.015')]
ACS					 37 / 40	 23.48				62.44%			 [('0.015', '0.015')]
ATRESMEDIA			 36 / 40	 53.54				58.62%			 [('0.015', '0.015')]
AZKOYEN				 37 / 40	 0.95				46.55%			 [('0.015', '0.015')]
BANKINTER			 34 / 40	 1.21				46.55%			 [('0.015', '0.015')]
BBVA				 39 / 40	 0.74				72.09%			 [('0.015', '0.015')]
BODEGAS_RIOJANAS	 32 / 40	 0.15				26.14%			 [('0.015', '0.015')]
CAF					 36 / 40	 0.81				62.68%			 [('0.015', '0.015')]
CIE					 36 / 40	 15.46				52.24%			 [('0.015', '0.015')]
EBRO_FOODS			 33 / 40	 0.34				53.52%			 [('0.015', '0.015')]
ELECNOR				 37 / 40	 0.21				61.71%			 [('0.015', '0.015')]
ENAGAS				 36 / 40	 4.27				55.0%			 [('0.015', '0.015')]
ENCE				 36 / 40	 1.09				58.39%			 [('0.015', '0.015')]
ENDESA				 34 / 40	 0.76				59.38%			 [('0.015', '0.015')]
FAES				 36 / 40	 12.54				52.63%			 [('0.015', '0.015')]
FCC					 36 / 40	 46.58				47.64%			 [('0.015', '0.015')]
FERROVIAL			 38 / 40	 5.17				58.81%			 [('0.015', '0.015')]
IBERDROLA			 36 / 40	 16.89				55.68%			 [('0.015', '0.015')]
IBERPAPEL			 37 / 40	 0.17				46.79%			 [('0.015', '0.015')]
INDITEX				 38 / 40	 3.87				42.46%			 [('0.015', '0.015')]
INDRA				 35 / 40	 1.15				63.02%			 [('0.015', '0.015')]
LINGOTES			 37 / 40	 3.22				50.0%			 [('0.015', '0.015')]
MAPFRE				 37 / 40	 4.39				53.88%			 [('0.015', '0.015')]
MELIA				 37 / 40	 2.93				60.96%			 [('0.015', '0.015')]
MIQUEL_COSTA		 34 / 40	 0.92				48.72%			 [('0.015', '0.015')]
MONTEBALITO			 36 / 40	 3.74				59.46%			 [('0.015', '0.015')]
NATURGY				 37 / 40	 30.52				64.89%			 [('0.015', '0.015')]
NICOLAS_CORREA		 36 / 40	 52.36				52.63%			 [('0.015', '0.015')]
OCCIDENT			 36 / 40	 6.61				58.96%			 [('0.015', '0.015')]
PHARMA_MAR			 37 / 40	 12.72				49.73%			 [('0.015', '0.015')]
PROSEGUR			 35 / 40	 6.68				52.67%			 [('0.015', '0.015')]
REDEIA				 34 / 40	 0.33				50.76%			 [('0.015', '0.015')]
REIG_JOFRE			 37 / 40	 8.1				43.78%			 [('0.015', '0.015')]
REPSOL				 38 / 40	 2.21				43.3%			 [('0.015', '0.015')]
SABADELL			 37 / 40	 1.44				66.22%			 [('0.015', '0.015')]
SACYR				 37 / 40	 1.68				57.51%			 [('0.015', '0.015')]
SANTANDER			 38 / 40	 5.0				60.59%			 [('0.015', '0.015')]
TELEFONICA			 36 / 40	 1.27				53.3%			 [('0.015', '0.015')]
TUBACEX				 37 / 40	 3.47				46.43%			 [('0.015', '0.015')]
TUBOS_REUNIDOS		 37 / 40	 0.95				47.06%			 [('0.015', '0.015')]
VIDRALA				 35 / 40	 0.29				50.0%			 [('0.015', '0.015')]
VISCOFAN			 34 / 40	 0.25				52.34%			 [('0.015', '0.015')]
