Instance         |   Quality  |         Time       |                  (u,v)                          |           (i,j)
---------------------------------------------------------------------------------------------------------------------------------
ACCIONA				 37 / 40	 1.6077256202697754	 (0.015, 0.015)			(0, 0)
ACERINOX			 36 / 40	 7.336445331573486	 (0.015, 0.015)			(0, 0)
ACS					 36 / 40	 21.583616018295288	 (0.015, 0.015)			(0, 0)
ATRESMEDIA			 36 / 40	 46.06037378311157	 (0.015, 0.015)			(0, 0)
AZKOYEN				 37 / 40	 1.1237692832946777	 (0.015, 0.015)			(0, 0)
BANKINTER			 34 / 40	 1.008965253829956	 (0.015, 0.015)			(0, 0)
BBVA				 38 / 40	 1.1444823741912842	 (0.015, 0.015)			(0, 0)
BODEGAS_RIOJANAS	 33 / 40	 0.16125798225402832	 (0.015, 0.015)			(0, 0)
CAF					 36 / 40	 0.8354597091674805	 (0.015, 0.015)			(0, 0)
CIE					 36 / 40	 16.0691659450531	 (0.015, 0.015)			(0, 0)
EBRO_FOODS			 33 / 40	 0.31060338020324707	 (0.015, 0.015)			(0, 0)
ELECNOR				 37 / 40	 0.22645139694213867	 (0.015, 0.015)			(0, 0)
ENAGAS				 35 / 40	 3.804255485534668	 (0.015, 0.015)			(0, 0)
ENCE				 36 / 40	 1.1095702648162842	 (0.015, 0.015)			(0, 0)
ENDESA				 34 / 40	 0.6943984031677246	 (0.015, 0.015)			(0, 0)
FAES				 37 / 40	 1.930668592453003	 (0.015, 0.015)			(0, 0)
FCC					 36 / 40	 53.23591470718384	 (0.015, 0.015)			(0, 0)
FERROVIAL			 38 / 40	 5.125468492507935	 (0.015, 0.015)			(0, 0)
IBERDROLA			 36 / 40	 16.15268564224243	 (0.015, 0.015)			(0, 0)
IBERPAPEL			 37 / 40	 0.17538213729858398	 (0.015, 0.015)			(0, 0)
INDITEX				 37 / 40	 4.541079521179199	 (0.015, 0.015)			(0, 0)
INDRA				 34 / 40	 1.0300877094268799	 (0.015, 0.015)			(0, 0)
LINGOTES			 37 / 40	 3.2460615634918213	 (0.015, 0.015)			(0, 0)
MAPFRE				 37 / 40	 4.162602186203003	 (0.015, 0.015)			(0, 0)
MELIA				 37 / 40	 2.6458325386047363	 (0.015, 0.015)			(0, 0)
MIQUEL_COSTA		 34 / 40	 0.7544903755187988	 (0.015, 0.015)			(0, 0)
MONTEBALITO			 36 / 40	 4.273879289627075	 (0.015, 0.015)			(0, 0)
NATURGY				 37 / 40	 26.77457904815674	 (0.015, 0.015)			(0, 0)
NICOLAS_CORREA		 36 / 40	 40.934041261672974	 (0.015, 0.015)			(0, 0)
OCCIDENT			 37 / 40	 4.130957365036011	 (0.015, 0.015)			(0, 0)
PHARMA_MAR			 38 / 40	 14.594408988952637	 (0.015, 0.015)			(0, 0)
PROSEGUR			 36 / 40	 1.4875953197479248	 (0.015, 0.015)			(0, 0)
REDEIA				 34 / 40	 0.2651674747467041	 (0.015, 0.015)			(0, 0)
REIG_JOFRE			 37 / 40	 6.833849668502808	 (0.015, 0.015)			(0, 0)
REPSOL				 38 / 40	 3.009613037109375	 (0.015, 0.015)			(0, 0)
SABADELL			 38 / 40	 1.9100139141082764	 (0.015, 0.015)			(0, 0)
SACYR				 37 / 40	 1.4681577682495117	 (0.015, 0.015)			(0, 0)
SANTANDER			 38 / 40	 4.708287715911865	 (0.015, 0.015)			(0, 0)
TELEFONICA			 36 / 40	 1.6778829097747803	 (0.015, 0.015)			(0, 0)
TUBACEX				 37 / 40	 3.5122287273406982	 (0.015, 0.015)			(0, 0)
TUBOS_REUNIDOS		 37 / 40	 0.7871384620666504	 (0.015, 0.015)			(0, 0)
VIDRALA				 36 / 40	 0.28902697563171387	 (0.015, 0.015)			(0, 0)
VISCOFAN			 33 / 40	 0.22429919242858887	 (0.015, 0.015)			(0, 0)
